instance,n,optimum,arm,seed,cost,gap,routes,wall,iterations,accepted,infeasible,reversals,vnd_steps,epsilon_end,calls_relocate,calls_swap,calls_two_opt,calls_or_opt,calls_cross_exchange,impr_relocate,impr_swap,impr_two_opt,impr_or_opt,impr_cross_exchange,mode,time_budget,max_iterations,cfg_k_min,cfg_k_step,cfg_k_max,cfg_e,cfg_reverse_p,cfg_reward,cfg_alpha,cfg_gamma,cfg_eps_start,cfg_eps_end
A-n62-k8,62,1288,fixed,0,1312.0,1.8633540372670807,8,20.01,601,17,0,0,20809,,17021,1281,986,838,683,15740,295,148,155,81,time,20.0,,1,1,12,5,0.0,improvement,0.1,0.9,0.9,0.05
A-n62-k8,62,1288,fixed,1,1327.0,3.027950310559006,8,20.024,634,17,0,0,22649,,18703,1339,990,841,776,17364,349,149,65,141,time,20.0,,1,1,12,5,0.0,improvement,0.1,0.9,0.9,0.05
A-n62-k8,62,1288,fixed,2,1322.0,2.639751552795031,8,20.03,592,16,0,0,21290,,17240,1443,1050,853,704,15797,393,197,149,111,time,20.0,,1,1,12,5,0.0,improvement,0.1,0.9,0.9,0.05
A-n62-k8,62,1288,fixed,3,1313.0,1.9409937888198758,8,20.029,612,5,0,0,22066,,18518,1147,880,808,713,17371,267,72,95,100,time,20.0,,1,1,12,5,0.0,improvement,0.1,0.9,0.9,0.05
A-n62-k8,62,1288,fixed,4,1307.0,1.4751552795031055,8,20.033,580,15,0,0,22583,,18618,1392,962,853,758,17226,430,109,95,177,time,20.0,,1,1,12,5,0.0,improvement,0.1,0.9,0.9,0.05
A-n62-k8,62,1288,fixed,5,1309.0,1.6304347826086956,8,20.036,537,9,0,0,20690,,17079,1211,874,811,715,15868,337,63,96,177,time,20.0,,1,1,12,5,0.0,improvement,0.1,0.9,0.9,0.05
A-n62-k8,62,1288,fixed,6,1320.0,2.484472049689441,8,17.802,519,6,0,0,20199,,16970,1068,846,693,622,15902,222,153,71,102,time,20.0,,1,1,12,5,0.0,improvement,0.1,0.9,0.9,0.05
A-n62-k8,62,1288,fixed,7,1327.0,3.027950310559006,8,20.014,595,10,0,0,21873,,18140,1233,957,808,735,16907,276,149,73,139,time,20.0,,1,1,12,5,0.0,improvement,0.1,0.9,0.9,0.05
A-n62-k8,62,1288,fixed,8,1322.0,2.639751552795031,8,20.02,578,11,0,0,20734,,16840,1304,1001,834,755,15536,303,167,79,176,time,20.0,,1,1,12,5,0.0,improvement,0.1,0.9,0.9,0.05
A-n62-k8,62,1288,fixed,9,1319.0,2.406832298136646,8,20.022,593,9,0,0,22403,,18339,1447,1043,827,747,16892,404,216,80,153,time,20.0,,1,1,12,5,0.0,improvement,0.1,0.9,0.9,0.05
A-n62-k8,62,1288,random,0,1309.0,1.6304347826086956,8,20.064,329,7,0,0,12269,,2598,2432,2412,2474,2353,2224,1853,1855,1939,1533,time,20.0,,1,1,12,5,0.0,improvement,0.1,0.9,0.9,0.05
A-n62-k8,62,1288,random,1,1304.0,1.2422360248447204,8,20.004,318,8,0,0,13470,,2799,2750,2614,2722,2585,2415,2109,1991,2137,1696,time,20.0,,1,1,12,5,0.0,improvement,0.1,0.9,0.9,0.05
A-n62-k8,62,1288,random,2,1309.0,1.6304347826086956,8,20.046,330,12,0,0,12657,,2698,2444,2554,2527,2434,2321,1842,1957,1934,1733,time,20.0,,1,1,12,5,0.0,improvement,0.1,0.9,0.9,0.05
A-n62-k8,62,1288,random,3,1309.0,1.6304347826086956,8,20.043,287,5,0,0,11323,,2311,2213,2325,2264,2210,1962,1650,1781,1740,1524,time,20.0,,1,1,12,5,0.0,improvement,0.1,0.9,0.9,0.05
A-n62-k8,62,1288,random,4,1311.0,1.7857142857142858,8,20.027,325,8,0,0,12803,,2672,2547,2523,2587,2474,2287,1965,1950,2006,1761,time,20.0,,1,1,12,5,0.0,improvement,0.1,0.9,0.9,0.05
A-n62-k8,62,1288,random,5,1314.0,2.018633540372671,8,20.065,335,3,0,0,12353,,2541,2475,2548,2398,2391,2154,1888,1982,1859,1479,time,20.0,,1,1,12,5,0.0,improvement,0.1,0.9,0.9,0.05
A-n62-k8,62,1288,random,6,1298.0,0.7763975155279503,8,20.013,333,9,0,0,13007,,2745,2584,2548,2609,2521,2355,1977,1958,2049,1741,time,20.0,,1,1,12,5,0.0,improvement,0.1,0.9,0.9,0.05
A-n62-k8,62,1288,random,7,1298.0,0.7763975155279503,8,20.064,328,7,0,0,13229,,2794,2618,2645,2580,2592,2413,2049,2062,2023,1803,time,20.0,,1,1,12,5,0.0,improvement,0.1,0.9,0.9,0.05
A-n62-k8,62,1288,random,8,1310.0,1.7080745341614907,8,20.056,364,15,0,0,13834,,2920,2797,2731,2729,2657,2498,2121,2095,2099,1792,time,20.0,,1,1,12,5,0.0,improvement,0.1,0.9,0.9,0.05
A-n62-k8,62,1288,random,9,1298.0,0.7763975155279503,8,20.006,328,8,0,0,12834,,2702,2523,2493,2538,2578,2323,1943,1920,1959,1783,time,20.0,,1,1,12,5,0.0,improvement,0.1,0.9,0.9,0.05
A-n62-k8,62,1288,q,0,1311.0,1.7857142857142858,8,20.015,424,15,0,0,14682,0.050000000000000044,2987,2764,3886,2699,2346,2486,2047,3021,2011,1450,time,20.0,,1,1,12,5,0.0,improvement,0.1,0.9,0.9,0.05
A-n62-k8,62,1288,q,1,1298.0,0.7763975155279503,8,20.031,311,10,0,0,11854,0.050000000000000044,2132,2032,3215,1795,2680,1737,1481,2459,1303,1806,time,20.0,,1,1,12,5,0.0,improvement,0.1,0.9,0.9,0.05
A-n62-k8,62,1288,q,2,1313.0,1.9409937888198758,8,16.59,310,6,0,0,10748,0.050000000000000044,2198,1992,2512,2197,1849,1830,1468,1961,1664,1180,time,20.0,,1,1,12,5,0.0,improvement,0.1,0.9,0.9,0.05
A-n62-k8,62,1288,q,3,1317.0,2.251552795031056,8,5.206,79,1,0,0,3329,0.050000000000000044,662,789,681,610,587,567,643,526,471,409,time,20.0,,1,1,12,5,0.0,improvement,0.1,0.9,0.9,0.05
A-n62-k8,62,1288,q,4,1308.0,1.5527950310559007,8,10.327,187,9,0,0,6619,0.050000000000000044,1219,1314,1719,1181,1186,992,979,1353,870,783,time,20.0,,1,1,12,5,0.0,improvement,0.1,0.9,0.9,0.05
A-n62-k8,62,1288,q,5,1298.0,0.7763975155279503,8,20.098,394,13,0,0,14301,0.050000000000000044,2575,2985,3808,2647,2286,2098,2242,2939,2004,1387,time,20.0,,1,1,12,5,0.0,improvement,0.1,0.9,0.9,0.05
A-n62-k8,62,1288,q,6,1308.0,1.5527950310559007,8,20.013,406,10,0,0,13719,0.050000000000000044,2518,2348,3638,3206,2009,2058,1656,2805,2497,1231,time,20.0,,1,1,12,5,0.0,improvement,0.1,0.9,0.9,0.05
A-n62-k8,62,1288,q,7,1309.0,1.6304347826086956,8,20.036,348,8,0,0,12926,0.050000000000000044,2536,2577,3442,2001,2370,2103,1950,2649,1428,1608,time,20.0,,1,1,12,5,0.0,improvement,0.1,0.9,0.9,0.05
A-n62-k8,62,1288,q,8,1309.0,1.6304347826086956,8,20.104,285,4,0,0,11351,0.050000000000000044,2513,2260,2323,1921,2334,2155,1692,1708,1426,1635,time,20.0,,1,1,12,5,0.0,improvement,0.1,0.9,0.9,0.05
A-n62-k8,62,1288,q,9,1309.0,1.6304347826086956,8,20.03,402,10,0,0,15529,0.050000000000000044,2848,3597,3647,2825,2612,2343,2711,2745,2115,1656,time,20.0,,1,1,12,5,0.0,improvement,0.1,0.9,0.9,0.05
A-n65-k9,65,1174,fixed,0,1203.0,2.4701873935264054,9,20.009,1082,4,0,0,26463,,21266,1518,1353,1227,1099,19748,165,126,128,16,time,20.0,,1,1,12,5,0.0,improvement,0.1,0.9,0.9,0.05
A-n65-k9,65,1174,fixed,1,1217.0,3.6626916524701874,9,4.532,237,7,0,0,5514,,4425,317,272,250,250,4108,45,22,0,12,time,20.0,,1,1,12,5,0.0,improvement,0.1,0.9,0.9,0.05
A-n65-k9,65,1174,fixed,2,1261.0,7.410562180579216,9,20.004,1056,6,0,0,25807,,20416,1679,1435,1206,1071,18737,244,229,135,14,time,20.0,,1,1,12,5,0.0,improvement,0.1,0.9,0.9,0.05
A-n65-k9,65,1174,fixed,3,1206.0,2.72572402044293,9,20.021,1092,6,0,0,25765,,20882,1395,1224,1150,1114,19487,171,74,36,21,time,20.0,,1,1,12,5,0.0,improvement,0.1,0.9,0.9,0.05
A-n65-k9,65,1174,fixed,4,1203.0,2.4701873935264054,9,20.016,1071,6,0,0,24362,,19645,1356,1175,1095,1091,18289,181,80,4,19,time,20.0,,1,1,12,5,0.0,improvement,0.1,0.9,0.9,0.05
A-n65-k9,65,1174,fixed,5,1203.0,2.4701873935264054,9,20.023,1078,6,0,0,25253,,20483,1406,1166,1101,1097,19077,240,65,4,18,time,20.0,,1,1,12,5,0.0,improvement,0.1,0.9,0.9,0.05
A-n65-k9,65,1174,fixed,6,1199.0,2.1294718909710393,9,20.002,1089,4,0,0,25353,,20351,1485,1259,1153,1105,18866,226,106,48,15,time,20.0,,1,1,12,5,0.0,improvement,0.1,0.9,0.9,0.05
A-n65-k9,65,1174,fixed,7,1199.0,2.1294718909710393,9,20.01,1061,6,0,0,24848,,20121,1382,1172,1089,1084,18739,210,83,5,22,time,20.0,,1,1,12,5,0.0,improvement,0.1,0.9,0.9,0.05
A-n65-k9,65,1174,fixed,8,1221.0,4.003407155025553,9,20.011,1065,9,0,0,25538,,20063,1704,1469,1214,1088,18359,235,255,126,22,time,20.0,,1,1,12,5,0.0,improvement,0.1,0.9,0.9,0.05
A-n65-k9,65,1174,fixed,9,1206.0,2.72572402044293,9,3.105,159,4,0,0,3825,,3082,211,185,175,172,2871,26,10,3,12,time,20.0,,1,1,12,5,0.0,improvement,0.1,0.9,0.9,0.05
A-n65-k9,65,1174,random,0,1180.0,0.5110732538330494,9,7.357,178,6,0,0,4828,,979,975,967,996,911,774,720,736,768,467,time,20.0,,1,1,12,5,0.0,improvement,0.1,0.9,0.9,0.05
A-n65-k9,65,1174,random,1,1194.0,1.7035775127768313,9,15.473,379,4,0,0,10187,,2054,2082,2062,2070,1919,1643,1602,1596,1624,956,time,20.0,,1,1,12,5,0.0,improvement,0.1,0.9,0.9,0.05
A-n65-k9,65,1174,random,2,1185.0,0.9369676320272572,9,7.945,158,2,0,0,4283,,876,859,865,893,790,697,644,662,688,394,time,20.0,,1,1,12,5,0.0,improvement,0.1,0.9,0.9,0.05
A-n65-k9,65,1174,random,3,1177.0,0.2555366269165247,9,5.27,127,5,0,0,3297,,666,632,684,661,654,510,464,517,489,375,time,20.0,,1,1,12,5,0.0,improvement,0.1,0.9,0.9,0.05
A-n65-k9,65,1174,random,4,1185.0,0.9369676320272572,9,20.028,420,8,0,0,10891,,2213,2173,2194,2219,2092,1713,1609,1660,1687,1133,time,20.0,,1,1,12,5,0.0,improvement,0.1,0.9,0.9,0.05
A-n65-k9,65,1174,random,5,1197.0,1.959114139693356,9,20.031,504,8,0,0,12574,,2608,2524,2578,2446,2418,2046,1833,1910,1769,1239,time,20.0,,1,1,12,5,0.0,improvement,0.1,0.9,0.9,0.05
A-n65-k9,65,1174,random,6,1177.0,0.2555366269165247,9,20.002,513,7,0,0,13201,,2699,2663,2606,2708,2525,2116,1990,1965,2058,1259,time,20.0,,1,1,12,5,0.0,improvement,0.1,0.9,0.9,0.05
A-n65-k9,65,1174,random,7,1185.0,0.9369676320272572,9,20.108,474,7,0,0,12587,,2619,2564,2507,2512,2385,2095,1939,1918,1927,1069,time,20.0,,1,1,12,5,0.0,improvement,0.1,0.9,0.9,0.05
A-n65-k9,65,1174,random,8,1177.0,0.2555366269165247,9,20.005,505,8,0,0,13172,,2686,2651,2636,2624,2575,2098,1987,2007,1979,1464,time,20.0,,1,1,12,5,0.0,improvement,0.1,0.9,0.9,0.05
A-n65-k9,65,1174,random,9,1185.0,0.9369676320272572,9,20.024,511,14,0,0,12854,,2693,2550,2550,2603,2458,2128,1887,1926,1989,1108,time,20.0,,1,1,12,5,0.0,improvement,0.1,0.9,0.9,0.05
A-n65-k9,65,1174,q,0,1185.0,0.9369676320272572,9,20.0,670,3,0,0,16328,0.050000000000000044,2922,3275,5531,2579,2021,2155,2360,4594,1750,860,time,20.0,,1,1,12,5,0.0,improvement,0.1,0.9,0.9,0.05
A-n65-k9,65,1174,q,1,1185.0,0.9369676320272572,9,2.899,71,5,0,0,1865,0.050000000000000044,392,365,393,397,318,310,255,288,290,156,time,20.0,,1,1,12,5,0.0,improvement,0.1,0.9,0.9,0.05
A-n65-k9,65,1174,q,2,1185.0,0.9369676320272572,9,20.011,580,8,0,0,14007,0.050000000000000044,2284,3074,4737,2114,1798,1613,2238,3963,1430,743,time,20.0,,1,1,12,5,0.0,improvement,0.1,0.9,0.9,0.05
A-n65-k9,65,1174,q,3,1185.0,0.9369676320272572,9,20.012,510,5,0,0,12654,0.050000000000000044,2693,2125,4034,2149,1653,2106,1429,3321,1491,723,time,20.0,,1,1,12,5,0.0,improvement,0.1,0.9,0.9,0.05
A-n65-k9,65,1174,q,4,1194.0,1.7035775127768313,9,20.021,593,11,0,0,13885,0.050000000000000044,2448,2212,5133,2377,1715,1769,1446,4332,1670,778,time,20.0,,1,1,12,5,0.0,improvement,0.1,0.9,0.9,0.05
A-n65-k9,65,1174,q,5,1177.0,0.2555366269165247,9,20.024,605,15,0,0,13546,0.050000000000000044,2016,2219,5446,2078,1787,1322,1467,4618,1351,867,time,20.0,,1,1,12,5,0.0,improvement,0.1,0.9,0.9,0.05
A-n65-k9,65,1174,q,6,1194.0,1.7035775127768313,9,20.007,557,3,0,0,13791,0.050000000000000044,2154,2968,4800,2118,1751,1531,2244,4028,1479,795,time,20.0,,1,1,12,5,0.0,improvement,0.1,0.9,0.9,0.05
A-n65-k9,65,1174,q,7,1177.0,0.2555366269165247,9,20.003,595,8,0,0,13687,0.050000000000000044,2558,2309,5102,1968,1750,1877,1583,4322,1266,768,time,20.0,,1,1,12,5,0.0,improvement,0.1,0.9,0.9,0.05
A-n65-k9,65,1174,q,8,1177.0,0.2555366269165247,9,3.587,86,8,0,0,2060,0.050000000000000044,407,448,452,391,362,304,332,336,271,178,time,20.0,,1,1,12,5,0.0,improvement,0.1,0.9,0.9,0.05
A-n65-k9,65,1174,q,9,1177.0,0.2555366269165247,9,20.02,663,10,0,0,14920,0.050000000000000044,2193,2329,6415,2034,1949,1449,1515,5518,1238,871,time,20.0,,1,1,12,5,0.0,improvement,0.1,0.9,0.9,0.05
A-n80-k10,80,1763,fixed,0,1795.0,1.8150879183210438,10,20.036,355,12,0,0,12477,,10271,757,554,463,432,9514,203,91,31,76,time,20.0,,1,1,12,5,0.0,improvement,0.1,0.9,0.9,0.05
A-n80-k10,80,1763,fixed,1,1829.0,3.7436188315371526,10,20.074,331,15,0,0,12004,,9905,725,512,441,421,9180,213,71,20,89,time,20.0,,1,1,12,5,0.0,improvement,0.1,0.9,0.9,0.05
A-n80-k10,80,1763,fixed,2,1841.0,4.424276800907544,10,20.082,336,15,0,0,11948,,9526,899,631,461,431,8627,268,170,30,94,time,20.0,,1,1,12,5,0.0,improvement,0.1,0.9,0.9,0.05
A-n80-k10,80,1763,fixed,3,1821.0,3.2898468519568915,10,20.046,309,5,0,0,11035,,9142,638,481,394,380,8504,157,87,14,70,time,20.0,,1,1,12,5,0.0,improvement,0.1,0.9,0.9,0.05
A-n80-k10,80,1763,fixed,4,1799.0,2.0419739081111743,10,20.026,320,19,0,0,13086,,10434,982,630,541,499,9452,352,89,42,178,time,20.0,,1,1,12,5,0.0,improvement,0.1,0.9,0.9,0.05
A-n80-k10,80,1763,fixed,5,1823.0,3.403289846851957,10,9.936,194,13,0,0,6372,,5109,478,296,248,241,4631,182,48,7,46,time,20.0,,1,1,12,5,0.0,improvement,0.1,0.9,0.9,0.05
A-n80-k10,80,1763,fixed,6,1846.0,4.707884288145207,10,20.039,373,9,0,0,13335,,10866,905,612,486,466,9961,293,126,20,92,time,20.0,,1,1,12,5,0.0,improvement,0.1,0.9,0.9,0.05
A-n80-k10,80,1763,fixed,7,1797.0,1.9285309132161088,10,20.012,317,18,0,0,13328,,10148,1257,756,626,541,8891,501,130,85,223,time,20.0,,1,1,12,5,0.0,improvement,0.1,0.9,0.9,0.05
A-n80-k10,80,1763,fixed,8,1819.0,3.1764038570618265,10,20.009,343,11,0,0,13198,,10645,941,630,513,469,9704,311,117,44,125,time,20.0,,1,1,12,5,0.0,improvement,0.1,0.9,0.9,0.05
A-n80-k10,80,1763,fixed,9,1791.0,1.5882019285309132,10,20.032,310,10,0,0,11262,,8916,822,613,486,425,8094,209,127,61,114,time,20.0,,1,1,12,5,0.0,improvement,0.1,0.9,0.9,0.05
A-n80-k10,80,1763,random,0,1815.0,2.949517867271696,10,20.099,209,23,0,0,6914,,1427,1399,1399,1361,1328,1182,1065,1054,1039,860,time,20.0,,1,1,12,5,0.0,improvement,0.1,0.9,0.9,0.05
A-n80-k10,80,1763,random,1,1788.0,1.4180374361883155,10,20.132,183,14,0,0,7142,,1410,1446,1407,1471,1408,1186,1119,1084,1148,931,time,20.0,,1,1,12,5,0.0,improvement,0.1,0.9,0.9,0.05
A-n80-k10,80,1763,random,2,1849.0,4.878048780487805,10,2.477,34,7,0,0,990,,197,195,195,204,199,158,142,138,156,114,time,20.0,,1,1,12,5,0.0,improvement,0.1,0.9,0.9,0.05
A-n80-k10,80,1763,random,3,1805.0,2.38230289279637,10,7.238,95,15,0,0,2903,,610,577,577,588,551,498,427,441,451,309,time,20.0,,1,1,12,5,0.0,improvement,0.1,0.9,0.9,0.05
A-n80-k10,80,1763,random,4,1790.0,1.5314804310833805,10,7.311,85,9,0,0,3173,,635,640,668,602,628,530,484,498,441,390,time,20.0,,1,1,12,5,0.0,improvement,0.1,0.9,0.9,0.05
A-n80-k10,80,1763,random,5,1783.0,1.1344299489506522,10,5.344,76,13,0,0,2231,,482,428,462,455,404,399,307,338,336,215,time,20.0,,1,1,12,5,0.0,improvement,0.1,0.9,0.9,0.05
A-n80-k10,80,1763,random,6,1824.0,3.4600113442994895,10,5.202,67,11,0,0,2157,,468,431,438,406,414,385,320,321,300,267,time,20.0,,1,1,12,5,0.0,improvement,0.1,0.9,0.9,0.05
A-n80-k10,80,1763,random,7,1809.0,2.6091888825865004,10,5.318,73,13,0,0,2217,,482,450,437,458,390,403,337,330,350,199,time,20.0,,1,1,12,5,0.0,improvement,0.1,0.9,0.9,0.05
A-n80-k10,80,1763,random,8,1792.0,1.6449234259784458,10,5.166,59,10,0,0,2209,,468,427,449,432,433,399,324,344,322,269,time,20.0,,1,1,12,5,0.0,improvement,0.1,0.9,0.9,0.05
A-n80-k10,80,1763,random,9,1813.0,2.836074872376631,10,7.408,101,21,0,0,3245,,679,621,639,642,664,547,464,478,486,435,time,20.0,,1,1,12,5,0.0,improvement,0.1,0.9,0.9,0.05
A-n80-k10,80,1763,q,0,1797.0,1.9285309132161088,10,5.2,84,14,0,0,2566,0.050000000000000044,526,508,584,484,464,421,368,437,353,297,time,20.0,,1,1,12,5,0.0,improvement,0.1,0.9,0.9,0.05
A-n80-k10,80,1763,q,1,1783.0,1.1344299489506522,10,5.215,67,11,0,0,2199,0.050000000000000044,466,414,468,467,384,380,314,356,351,218,time,20.0,,1,1,12,5,0.0,improvement,0.1,0.9,0.9,0.05
A-n80-k10,80,1763,q,2,1792.0,1.6449234259784458,10,7.313,102,9,0,0,3827,0.050000000000000044,735,722,911,734,725,606,555,718,567,491,time,20.0,,1,1,12,5,0.0,improvement,0.1,0.9,0.9,0.05
A-n80-k10,80,1763,q,3,1812.0,2.779353374929098,10,5.25,77,10,0,0,2737,0.050000000000000044,638,552,578,512,457,542,420,443,373,307,time,20.0,,1,1,12,5,0.0,improvement,0.1,0.9,0.9,0.05
A-n80-k10,80,1763,q,4,1821.0,3.2898468519568915,10,5.259,74,7,0,0,2647,0.050000000000000044,507,504,692,495,449,416,379,570,371,265,time,20.0,,1,1,12,5,0.0,improvement,0.1,0.9,0.9,0.05
A-n80-k10,80,1763,q,5,1810.0,2.665910380034033,10,5.248,74,11,0,0,2277,0.050000000000000044,481,434,448,526,388,388,314,325,405,214,time,20.0,,1,1,12,5,0.0,improvement,0.1,0.9,0.9,0.05
A-n80-k10,80,1763,q,6,1829.0,3.7436188315371526,10,5.45,70,9,0,0,2456,0.050000000000000044,519,513,542,460,422,436,369,410,342,249,time,20.0,,1,1,12,5,0.0,improvement,0.1,0.9,0.9,0.05
A-n80-k10,80,1763,q,7,1778.0,0.8508224617129893,10,20.041,267,14,0,0,9632,0.050000000000000044,1776,2157,2916,1433,1350,1411,1677,2361,1047,803,time,20.0,,1,1,12,5,0.0,improvement,0.1,0.9,0.9,0.05
A-n80-k10,80,1763,q,8,1796.0,1.8718094157685763,10,20.119,256,14,0,0,8739,0.050000000000000044,1956,1432,2615,1358,1378,1607,1013,2109,985,879,time,20.0,,1,1,12,5,0.0,improvement,0.1,0.9,0.9,0.05
A-n80-k10,80,1763,q,9,1780.0,0.9642654566080544,10,20.197,225,22,0,0,7514,0.050000000000000044,1329,1254,2071,1595,1265,1038,871,1602,1191,747,time,20.0,,1,1,12,5,0.0,improvement,0.1,0.9,0.9,0.05
